period,voyage,lane,module,cost_category,vendor,accrual_usd,actual_usd,invoice_date
2026-04,ASI00BU,Asia-Europe,COA,Bunker,Vendor B1,445190,500332,2026-06-11
2026-04,ASI01BU,Asia-Europe,COA,Bunker,Vendor B1,466380,,
2026-04,ASI00PO,Asia-Europe,PSO,Port Service,PortCo SG,40031,36672,2026-06-04
2026-04,ASI01PO,Asia-Europe,PSO,Port Service,PortCo LA,93313,87356,2026-05-22
2026-04,ASI00TE,Asia-Europe,TES,Terminal,TermOp A,146395,153667,2026-05-22
2026-04,ASI01TE,Asia-Europe,TES,Terminal,TermOp A,137637,135307,2026-06-03
2026-04,ASI00TR,Asia-Europe,TRS,Transport,HaulCo,98662,94097,2026-05-14
2026-04,ASI01TR,Asia-Europe,TRS,Transport,HaulCo,83516,81670,2026-05-12
2026-04,ASI00CA,Asia-Europe,PSO,Canal,Panama Auth,198208,212229,2026-06-06
2026-04,ASI01CA,Asia-Europe,PSO,Canal,Suez Auth,154767,173511,2026-05-19
2026-04,ASI00JO,Asia-Europe,JOO,Joint Operation,Partner X,143417,,
2026-04,ASI01JO,Asia-Europe,JOO,Joint Operation,Partner Y,151565,,
2026-04,ASI00SL,Asia-Europe,COA,Slot Charter,Partner Z,137426,139573,2026-05-28
2026-04,ASI01SL,Asia-Europe,COA,Slot Charter,Partner X,175901,175232,2026-06-06
2026-04,TRA00BU,Transpacific,COA,Bunker,Vendor B2,706484,736606,2026-05-11
2026-04,TRA01BU,Transpacific,COA,Bunker,Vendor B2,608859,599454,2026-06-05
2026-04,TRA00PO,Transpacific,PSO,Port Service,PortCo SG,85872,82267,2026-05-30
2026-04,TRA01PO,Transpacific,PSO,Port Service,PortCo RTM,78737,71331,2026-05-21
2026-04,TRA00TE,Transpacific,TES,Terminal,TermOp A,84756,84806,2026-05-13
2026-04,TRA01TE,Transpacific,TES,Terminal,TermOp B,124337,129289,2026-05-16
2026-04,TRA00TR,Transpacific,TRS,Transport,HaulCo,127759,126818,2026-06-01
2026-04,TRA01TR,Transpacific,TRS,Transport,HaulCo,63583,66176,2026-05-22
2026-04,TRA00CA,Transpacific,PSO,Canal,Panama Auth,95786,96971,2026-05-17
2026-04,TRA01CA,Transpacific,PSO,Canal,Suez Auth,183962,179886,2026-05-28
2026-04,TRA00JO,Transpacific,JOO,Joint Operation,Partner Y,280361,,
2026-04,TRA01JO,Transpacific,JOO,Joint Operation,Partner X,214566,213409,2026-05-11
2026-04,TRA00SL,Transpacific,COA,Slot Charter,Partner X,87596,88130,2026-05-11
2026-04,TRA01SL,Transpacific,COA,Slot Charter,Partner Z,78158,79956,2026-05-14
2026-04,INT00BU,Intra-Asia,COA,Bunker,Vendor B2,378851,388205,2026-05-24
2026-04,INT01BU,Intra-Asia,COA,Bunker,Vendor B2,375138,379520,2026-05-15
2026-04,INT00PO,Intra-Asia,PSO,Port Service,PortCo LA,66902,59211,2026-05-14
2026-04,INT01PO,Intra-Asia,PSO,Port Service,PortCo LA,38802,36464,2026-05-18
2026-04,INT00TE,Intra-Asia,TES,Terminal,TermOp A,45829,47971,2026-06-11
2026-04,INT01TE,Intra-Asia,TES,Terminal,TermOp B,104045,102499,2026-05-13
2026-04,INT00TR,Intra-Asia,TRS,Transport,RailCo,61860,63805,2026-06-11
2026-04,INT01TR,Intra-Asia,TRS,Transport,HaulCo,68659,67256,2026-05-20
2026-04,INT00JO,Intra-Asia,JOO,Joint Operation,Partner Y,197840,227155,2026-05-09
2026-04,INT01JO,Intra-Asia,JOO,Joint Operation,Partner Y,148003,143766,2026-06-05
2026-04,INT00SL,Intra-Asia,COA,Slot Charter,Partner Z,135950,133419,2026-05-20
2026-04,INT01SL,Intra-Asia,COA,Slot Charter,Partner Z,68394,69845,2026-05-08
2026-04,ASI00BU,Asia-Med,COA,Bunker,Vendor B2,474581,459404,2026-05-15
2026-04,ASI01BU,Asia-Med,COA,Bunker,Vendor B1,433466,454139,2026-06-07
2026-04,ASI00PO,Asia-Med,PSO,Port Service,PortCo RTM,42746,39275,2026-06-02
2026-04,ASI01PO,Asia-Med,PSO,Port Service,PortCo SG,41340,37915,2026-05-18
2026-04,ASI00TE,Asia-Med,TES,Terminal,TermOp B,122654,129115,2026-05-17
2026-04,ASI01TE,Asia-Med,TES,Terminal,TermOp A,96056,96940,2026-06-12
2026-04,ASI00TR,Asia-Med,TRS,Transport,RailCo,33232,33886,2026-05-16
2026-04,ASI01TR,Asia-Med,TRS,Transport,HaulCo,88825,83378,2026-05-21
2026-04,ASI00CA,Asia-Med,PSO,Canal,Panama Auth,87198,86508,2026-05-24
2026-04,ASI01CA,Asia-Med,PSO,Canal,Panama Auth,150093,154385,2026-05-30
2026-04,ASI00JO,Asia-Med,JOO,Joint Operation,Partner X,175396,,
2026-04,ASI01JO,Asia-Med,JOO,Joint Operation,Partner X,205684,196579,2026-05-17
2026-04,ASI00SL,Asia-Med,COA,Slot Charter,Partner Z,62740,61809,2026-06-10
2026-04,ASI01SL,Asia-Med,COA,Slot Charter,Partner X,120585,118923,2026-06-12
2026-04,TRA00BU,Transatlantic,COA,Bunker,Vendor B1,260512,257495,2026-06-12
2026-04,TRA01BU,Transatlantic,COA,Bunker,Vendor B2,426238,455148,2026-06-05
2026-04,TRA00PO,Transatlantic,PSO,Port Service,PortCo LA,50461,44512,2026-06-05
2026-04,TRA01PO,Transatlantic,PSO,Port Service,PortCo LA,47038,43667,2026-05-23
2026-04,TRA00TE,Transatlantic,TES,Terminal,TermOp B,85438,91013,2026-05-20
2026-04,TRA01TE,Transatlantic,TES,Terminal,TermOp B,54861,51325,2026-06-05
2026-04,TRA00TR,Transatlantic,TRS,Transport,HaulCo,36179,36212,2026-05-15
2026-04,TRA01TR,Transatlantic,TRS,Transport,HaulCo,86115,87456,2026-05-31
2026-04,TRA00JO,Transatlantic,JOO,Joint Operation,Partner Y,116448,,
2026-04,TRA01JO,Transatlantic,JOO,Joint Operation,Partner Y,103443,,
2026-04,TRA00SL,Transatlantic,COA,Slot Charter,Partner Z,139467,134666,2026-05-13
2026-04,TRA01SL,Transatlantic,COA,Slot Charter,Partner X,51753,52984,2026-06-05
2026-05,ASI10BU,Asia-Europe,COA,Bunker,Vendor B1,475824,507574,2026-06-14
2026-05,ASI11BU,Asia-Europe,COA,Bunker,Vendor B2,773171,847659,2026-06-23
2026-05,ASI10PO,Asia-Europe,PSO,Port Service,PortCo LA,40172,37591,2026-07-04
2026-05,ASI11PO,Asia-Europe,PSO,Port Service,PortCo LA,92781,83388,2026-06-16
2026-05,ASI10TE,Asia-Europe,TES,Terminal,TermOp A,182497,172260,2026-06-10
2026-05,ASI11TE,Asia-Europe,TES,Terminal,TermOp A,121383,118148,2026-06-08
2026-05,ASI10TR,Asia-Europe,TRS,Transport,RailCo,122147,130468,2026-06-14
2026-05,ASI11TR,Asia-Europe,TRS,Transport,RailCo,51039,53059,2026-07-03
2026-05,ASI10CA,Asia-Europe,PSO,Canal,Panama Auth,198662,234540,2026-06-17
2026-05,ASI11CA,Asia-Europe,PSO,Canal,Panama Auth,102252,116246,2026-06-26
2026-05,ASI10JO,Asia-Europe,JOO,Joint Operation,Partner X,244494,,
2026-05,ASI11JO,Asia-Europe,JOO,Joint Operation,Partner X,348762,,
2026-05,ASI10SL,Asia-Europe,COA,Slot Charter,Partner Z,150439,150617,2026-07-04
2026-05,ASI11SL,Asia-Europe,COA,Slot Charter,Partner Z,154893,161635,2026-07-09
2026-05,TRA10BU,Transpacific,COA,Bunker,Vendor B2,629419,652344,2026-06-15
2026-05,TRA11BU,Transpacific,COA,Bunker,Vendor B1,782153,778997,2026-06-15
2026-05,TRA10PO,Transpacific,PSO,Port Service,PortCo LA,42274,39240,2026-06-12
2026-05,TRA11PO,Transpacific,PSO,Port Service,PortCo LA,94286,84793,2026-06-25
2026-05,TRA10TE,Transpacific,TES,Terminal,TermOp A,98724,97553,2026-07-05
2026-05,TRA11TE,Transpacific,TES,Terminal,TermOp B,101326,105658,2026-07-12
2026-05,TRA10TR,Transpacific,TRS,Transport,RailCo,72000,74422,2026-06-07
2026-05,TRA11TR,Transpacific,TRS,Transport,HaulCo,84346,83725,2026-07-09
2026-05,TRA10CA,Transpacific,PSO,Canal,Panama Auth,135630,136019,2026-06-16
2026-05,TRA11CA,Transpacific,PSO,Canal,Panama Auth,192773,189453,2026-06-26
2026-05,TRA10JO,Transpacific,JOO,Joint Operation,Partner Y,266676,289807,2026-07-01
2026-05,TRA11JO,Transpacific,JOO,Joint Operation,Partner X,287152,301774,2026-06-16
2026-05,TRA10SL,Transpacific,COA,Slot Charter,Partner X,194121,192089,2026-07-09
2026-05,TRA11SL,Transpacific,COA,Slot Charter,Partner X,206078,196428,2026-06-08
2026-05,INT10BU,Intra-Asia,COA,Bunker,Vendor B2,207570,218985,2026-07-01
2026-05,INT11BU,Intra-Asia,COA,Bunker,Vendor B1,360963,366308,2026-07-11
2026-05,INT10PO,Intra-Asia,PSO,Port Service,PortCo LA,45138,45205,2026-07-09
2026-05,INT11PO,Intra-Asia,PSO,Port Service,PortCo RTM,27972,26056,2026-07-07
2026-05,INT10TE,Intra-Asia,TES,Terminal,TermOp B,108090,109887,2026-06-21
2026-05,INT11TE,Intra-Asia,TES,Terminal,TermOp B,83121,81119,2026-07-07
2026-05,INT10TR,Intra-Asia,TRS,Transport,RailCo,76177,72934,2026-06-16
2026-05,INT11TR,Intra-Asia,TRS,Transport,HaulCo,46627,44832,2026-06-26
2026-05,INT10JO,Intra-Asia,JOO,Joint Operation,Partner Y,81796,,
2026-05,INT11JO,Intra-Asia,JOO,Joint Operation,Partner X,121883,,
2026-05,INT10SL,Intra-Asia,COA,Slot Charter,Partner X,139397,134805,2026-07-07
2026-05,INT11SL,Intra-Asia,COA,Slot Charter,Partner Z,76063,75265,2026-07-09
2026-05,ASI10BU,Asia-Med,COA,Bunker,Vendor B1,502045,468132,2026-06-11
2026-05,ASI11BU,Asia-Med,COA,Bunker,Vendor B1,225924,239067,2026-06-30
2026-05,ASI10PO,Asia-Med,PSO,Port Service,PortCo SG,50065,45463,2026-06-30
2026-05,ASI11PO,Asia-Med,PSO,Port Service,PortCo SG,45509,41238,2026-07-02
2026-05,ASI10TE,Asia-Med,TES,Terminal,TermOp B,56598,59855,2026-06-16
2026-05,ASI11TE,Asia-Med,TES,Terminal,TermOp A,71242,69908,2026-06-28
2026-05,ASI10TR,Asia-Med,TRS,Transport,HaulCo,50694,49618,2026-06-19
2026-05,ASI11TR,Asia-Med,TRS,Transport,HaulCo,83930,86807,2026-06-30
2026-05,ASI10CA,Asia-Med,PSO,Canal,Panama Auth,102433,107898,2026-07-04
2026-05,ASI11CA,Asia-Med,PSO,Canal,Panama Auth,152260,152198,2026-06-10
2026-05,ASI10JO,Asia-Med,JOO,Joint Operation,Partner Y,171435,,
2026-05,ASI11JO,Asia-Med,JOO,Joint Operation,Partner X,193061,209606,2026-07-02
2026-05,ASI10SL,Asia-Med,COA,Slot Charter,Partner Z,114762,121857,2026-06-15
2026-05,ASI11SL,Asia-Med,COA,Slot Charter,Partner X,93702,95563,2026-07-12
2026-05,TRA10BU,Transatlantic,COA,Bunker,Vendor B2,235327,228739,2026-06-23
2026-05,TRA11BU,Transatlantic,COA,Bunker,Vendor B2,392542,399054,2026-07-12
2026-05,TRA10PO,Transatlantic,PSO,Port Service,PortCo LA,29173,26844,2026-07-08
2026-05,TRA11PO,Transatlantic,PSO,Port Service,PortCo RTM,33505,30745,2026-07-05
2026-05,TRA10TE,Transatlantic,TES,Terminal,TermOp B,55056,55396,2026-06-12
2026-05,TRA11TE,Transatlantic,TES,Terminal,TermOp A,62939,63966,2026-06-19
2026-05,TRA10TR,Transatlantic,TRS,Transport,RailCo,75180,72527,2026-07-01
2026-05,TRA11TR,Transatlantic,TRS,Transport,RailCo,51480,52589,2026-06-24
2026-05,TRA10JO,Transatlantic,JOO,Joint Operation,Partner Y,98126,92595,2026-07-01
2026-05,TRA11JO,Transatlantic,JOO,Joint Operation,Partner X,172994,172786,2026-06-08
2026-05,TRA10SL,Transatlantic,COA,Slot Charter,Partner X,52902,51770,2026-07-08
2026-05,TRA11SL,Transatlantic,COA,Slot Charter,Partner Z,56582,51925,2026-07-10
2026-06,ASI20BU,Asia-Europe,COA,Bunker,Vendor B1,773447,858670,2026-08-10
2026-06,ASI21BU,Asia-Europe,COA,Bunker,Vendor B1,757880,855814,2026-08-06
2026-06,ASI20PO,Asia-Europe,PSO,Port Service,PortCo LA,74726,74555,2026-07-10
2026-06,ASI21PO,Asia-Europe,PSO,Port Service,PortCo LA,85764,81234,2026-07-24
2026-06,ASI20TE,Asia-Europe,TES,Terminal,TermOp A,147491,146578,2026-08-10
2026-06,ASI21TE,Asia-Europe,TES,Terminal,TermOp A,116775,114615,2026-07-08
2026-06,ASI20TR,Asia-Europe,TRS,Transport,RailCo,98373,101552,2026-07-23
2026-06,ASI21TR,Asia-Europe,TRS,Transport,RailCo,97365,97293,2026-07-09
2026-06,ASI20CA,Asia-Europe,PSO,Canal,Suez Auth,212660,237549,2026-08-03
2026-06,ASI21CA,Asia-Europe,PSO,Canal,Suez Auth,137162,154699,2026-07-31
2026-06,ASI20JO,Asia-Europe,JOO,Joint Operation,Partner Y,235912,,
2026-06,ASI21JO,Asia-Europe,JOO,Joint Operation,Partner X,291304,,
2026-06,ASI20SL,Asia-Europe,COA,Slot Charter,Partner X,121960,123465,2026-07-26
2026-06,ASI21SL,Asia-Europe,COA,Slot Charter,Partner X,211990,206431,2026-07-19
2026-06,TRA20BU,Transpacific,COA,Bunker,Vendor B1,526808,532881,2026-08-02
2026-06,TRA21BU,Transpacific,COA,Bunker,Vendor B2,389055,386225,2026-07-17
2026-06,TRA20PO,Transpacific,PSO,Port Service,PortCo LA,40999,39653,2026-07-28
2026-06,TRA21PO,Transpacific,PSO,Port Service,PortCo RTM,45141,42647,2026-07-18
2026-06,TRA20TE,Transpacific,TES,Terminal,TermOp B,92347,89755,2026-07-27
2026-06,TRA21TE,Transpacific,TES,Terminal,TermOp A,172592,165703,2026-08-05
2026-06,TRA20TR,Transpacific,TRS,Transport,HaulCo,59806,60672,2026-07-15
2026-06,TRA21TR,Transpacific,TRS,Transport,RailCo,84212,84864,2026-07-27
2026-06,TRA20CA,Transpacific,PSO,Canal,Suez Auth,108560,107764,2026-08-05
2026-06,TRA21CA,Transpacific,PSO,Canal,Suez Auth,148308,144547,2026-08-07
2026-06,TRA20JO,Transpacific,JOO,Joint Operation,Partner X,267124,,
2026-06,TRA21JO,Transpacific,JOO,Joint Operation,Partner Y,305751,322889,2026-07-29
2026-06,TRA20SL,Transpacific,COA,Slot Charter,Partner Z,116419,122644,2026-07-28
2026-06,TRA21SL,Transpacific,COA,Slot Charter,Partner X,119948,118201,2026-07-12
2026-06,INT20BU,Intra-Asia,COA,Bunker,Vendor B2,447630,469815,2026-08-01
2026-06,INT21BU,Intra-Asia,COA,Bunker,Vendor B2,475988,494830,2026-07-16
2026-06,INT20PO,Intra-Asia,PSO,Port Service,PortCo LA,31903,30348,2026-07-17
2026-06,INT21PO,Intra-Asia,PSO,Port Service,PortCo RTM,34201,29688,2026-08-06
2026-06,INT20TE,Intra-Asia,TES,Terminal,TermOp A,106080,101889,2026-07-18
2026-06,INT21TE,Intra-Asia,TES,Terminal,TermOp B,76294,74226,2026-08-07
2026-06,INT20TR,Intra-Asia,TRS,Transport,HaulCo,41256,40559,2026-07-13
2026-06,INT21TR,Intra-Asia,TRS,Transport,HaulCo,37554,37869,2026-08-05
2026-06,INT20JO,Intra-Asia,JOO,Joint Operation,Partner Y,113724,125297,2026-07-15
2026-06,INT21JO,Intra-Asia,JOO,Joint Operation,Partner Y,122305,,
2026-06,INT20SL,Intra-Asia,COA,Slot Charter,Partner Z,67927,67960,2026-07-20
2026-06,INT21SL,Intra-Asia,COA,Slot Charter,Partner X,55832,57508,2026-07-23
2026-06,ASI20BU,Asia-Med,COA,Bunker,Vendor B1,390484,,
2026-06,ASI21BU,Asia-Med,COA,Bunker,Vendor B2,333823,342628,2026-08-05
2026-06,ASI20PO,Asia-Med,PSO,Port Service,PortCo SG,25744,23801,2026-07-20
2026-06,ASI21PO,Asia-Med,PSO,Port Service,PortCo LA,40081,38053,2026-08-05
2026-06,ASI20TE,Asia-Med,TES,Terminal,TermOp A,64588,65671,2026-07-30
2026-06,ASI21TE,Asia-Med,TES,Terminal,TermOp A,46966,42501,2026-07-10
2026-06,ASI20TR,Asia-Med,TRS,Transport,RailCo,89593,95243,2026-07-08
2026-06,ASI21TR,Asia-Med,TRS,Transport,HaulCo,55558,56416,2026-07-27
2026-06,ASI20CA,Asia-Med,PSO,Canal,Panama Auth,81968,83128,2026-07-14
2026-06,ASI21CA,Asia-Med,PSO,Canal,Suez Auth,131715,125342,2026-08-11
2026-06,ASI20JO,Asia-Med,JOO,Joint Operation,Partner X,174040,,
2026-06,ASI21JO,Asia-Med,JOO,Joint Operation,Partner X,124980,,
2026-06,ASI20SL,Asia-Med,COA,Slot Charter,Partner X,127782,132642,2026-08-02
2026-06,ASI21SL,Asia-Med,COA,Slot Charter,Partner Z,134779,134670,2026-07-18
2026-06,TRA20BU,Transatlantic,COA,Bunker,Vendor B1,216787,226383,2026-07-18
2026-06,TRA21BU,Transatlantic,COA,Bunker,Vendor B1,184806,190033,2026-08-02
2026-06,TRA20PO,Transatlantic,PSO,Port Service,PortCo RTM,48748,48196,2026-07-30
2026-06,TRA21PO,Transatlantic,PSO,Port Service,PortCo SG,30990,27926,2026-07-12
2026-06,TRA20TE,Transatlantic,TES,Terminal,TermOp A,74392,74510,2026-07-27
2026-06,TRA21TE,Transatlantic,TES,Terminal,TermOp B,110314,,
2026-06,TRA20TR,Transatlantic,TRS,Transport,HaulCo,50117,47893,2026-07-18
2026-06,TRA21TR,Transatlantic,TRS,Transport,RailCo,67773,65359,2026-07-20
2026-06,TRA20JO,Transatlantic,JOO,Joint Operation,Partner X,106347,,
2026-06,TRA21JO,Transatlantic,JOO,Joint Operation,Partner X,115576,,
2026-06,TRA20SL,Transatlantic,COA,Slot Charter,Partner Z,110111,108143,2026-07-27
2026-06,TRA21SL,Transatlantic,COA,Slot Charter,Partner Z,77739,80500,2026-08-01
2026-07,ASI30BU,Asia-Europe,COA,Bunker,Vendor B2,507437,564242,2026-09-07
2026-07,ASI31BU,Asia-Europe,COA,Bunker,Vendor B1,400346,449703,2026-09-05
2026-07,ASI30PO,Asia-Europe,PSO,Port Service,PortCo SG,92211,84642,2026-08-30
2026-07,ASI31PO,Asia-Europe,PSO,Port Service,PortCo SG,91654,86039,2026-08-09
2026-07,ASI30TE,Asia-Europe,TES,Terminal,TermOp A,147509,155852,2026-09-08
2026-07,ASI31TE,Asia-Europe,TES,Terminal,TermOp A,75465,77891,2026-08-31
2026-07,ASI30TR,Asia-Europe,TRS,Transport,HaulCo,52327,54968,2026-08-14
2026-07,ASI31TR,Asia-Europe,TRS,Transport,HaulCo,61846,63229,2026-08-25
2026-07,ASI30CA,Asia-Europe,PSO,Canal,Suez Auth,209535,233608,2026-08-23
2026-07,ASI31CA,Asia-Europe,PSO,Canal,Suez Auth,148398,162078,2026-09-05
2026-07,ASI30JO,Asia-Europe,JOO,Joint Operation,Partner X,182186,217641,2026-09-08
2026-07,ASI31JO,Asia-Europe,JOO,Joint Operation,Partner X,196792,194791,2026-09-01
2026-07,ASI30SL,Asia-Europe,COA,Slot Charter,Partner X,167643,166589,2026-08-23
2026-07,ASI31SL,Asia-Europe,COA,Slot Charter,Partner Z,186162,,
2026-07,TRA30BU,Transpacific,COA,Bunker,Vendor B2,770366,734571,2026-08-13
2026-07,TRA31BU,Transpacific,COA,Bunker,Vendor B2,783933,795004,2026-09-01
2026-07,TRA30PO,Transpacific,PSO,Port Service,PortCo RTM,55371,54397,2026-08-12
2026-07,TRA31PO,Transpacific,PSO,Port Service,PortCo RTM,53028,49150,2026-08-10
2026-07,TRA30TE,Transpacific,TES,Terminal,TermOp A,170203,169980,2026-08-27
2026-07,TRA31TE,Transpacific,TES,Terminal,TermOp B,161206,170411,2026-08-25
2026-07,TRA30TR,Transpacific,TRS,Transport,HaulCo,87592,86871,2026-08-09
2026-07,TRA31TR,Transpacific,TRS,Transport,HaulCo,54895,55413,2026-08-26
2026-07,TRA30CA,Transpacific,PSO,Canal,Suez Auth,182021,174675,2026-08-15
2026-07,TRA31CA,Transpacific,PSO,Canal,Suez Auth,155552,154185,2026-08-17
2026-07,TRA30JO,Transpacific,JOO,Joint Operation,Partner Y,128175,130731,2026-08-16
2026-07,TRA31JO,Transpacific,JOO,Joint Operation,Partner Y,215439,202629,2026-08-10
2026-07,TRA30SL,Transpacific,COA,Slot Charter,Partner X,161758,154023,2026-09-07
2026-07,TRA31SL,Transpacific,COA,Slot Charter,Partner X,101342,,
2026-07,INT30BU,Intra-Asia,COA,Bunker,Vendor B1,352215,,
2026-07,INT31BU,Intra-Asia,COA,Bunker,Vendor B1,184001,187021,2026-08-19
2026-07,INT30PO,Intra-Asia,PSO,Port Service,PortCo LA,41849,36534,2026-09-02
2026-07,INT31PO,Intra-Asia,PSO,Port Service,PortCo LA,31544,29129,2026-08-26
2026-07,INT30TE,Intra-Asia,TES,Terminal,TermOp B,47840,50409,2026-08-07
2026-07,INT31TE,Intra-Asia,TES,Terminal,TermOp A,110879,105913,2026-09-05
2026-07,INT30TR,Intra-Asia,TRS,Transport,HaulCo,74725,72680,2026-08-21
2026-07,INT31TR,Intra-Asia,TRS,Transport,HaulCo,39100,39429,2026-08-23
2026-07,INT30JO,Intra-Asia,JOO,Joint Operation,Partner X,118302,131269,2026-08-25
2026-07,INT31JO,Intra-Asia,JOO,Joint Operation,Partner Y,92301,,
2026-07,INT30SL,Intra-Asia,COA,Slot Charter,Partner X,131423,133352,2026-08-27
2026-07,INT31SL,Intra-Asia,COA,Slot Charter,Partner Z,129215,126297,2026-08-22
2026-07,ASI30BU,Asia-Med,COA,Bunker,Vendor B2,474052,454201,2026-09-10
2026-07,ASI31BU,Asia-Med,COA,Bunker,Vendor B1,332974,317995,2026-08-07
2026-07,ASI30PO,Asia-Med,PSO,Port Service,PortCo RTM,42888,39531,2026-08-20
2026-07,ASI31PO,Asia-Med,PSO,Port Service,PortCo SG,50897,44722,2026-08-17
2026-07,ASI30TE,Asia-Med,TES,Terminal,TermOp A,46607,48591,2026-08-16
2026-07,ASI31TE,Asia-Med,TES,Terminal,TermOp A,46445,48120,2026-08-09
2026-07,ASI30TR,Asia-Med,TRS,Transport,HaulCo,74439,78083,2026-09-10
2026-07,ASI31TR,Asia-Med,TRS,Transport,HaulCo,82672,84446,2026-08-31
2026-07,ASI30CA,Asia-Med,PSO,Canal,Panama Auth,86630,86894,2026-08-12
2026-07,ASI31CA,Asia-Med,PSO,Canal,Panama Auth,111528,112649,2026-08-20
2026-07,ASI30JO,Asia-Med,JOO,Joint Operation,Partner Y,125956,125037,2026-08-10
2026-07,ASI31JO,Asia-Med,JOO,Joint Operation,Partner X,211088,243552,2026-08-25
2026-07,ASI30SL,Asia-Med,COA,Slot Charter,Partner X,121015,126756,2026-09-06
2026-07,ASI31SL,Asia-Med,COA,Slot Charter,Partner Z,98409,99338,2026-08-12
2026-07,TRA30BU,Transatlantic,COA,Bunker,Vendor B1,235200,241521,2026-08-10
2026-07,TRA31BU,Transatlantic,COA,Bunker,Vendor B2,292688,292753,2026-08-18
2026-07,TRA30PO,Transatlantic,PSO,Port Service,PortCo RTM,49598,48428,2026-08-17
2026-07,TRA31PO,Transatlantic,PSO,Port Service,PortCo RTM,59218,54316,2026-08-21
2026-07,TRA30TE,Transatlantic,TES,Terminal,TermOp A,57131,60745,2026-09-11
2026-07,TRA31TE,Transatlantic,TES,Terminal,TermOp B,93732,91329,2026-09-01
2026-07,TRA30TR,Transatlantic,TRS,Transport,HaulCo,83370,83265,2026-08-30
2026-07,TRA31TR,Transatlantic,TRS,Transport,HaulCo,49461,47390,2026-09-10
2026-07,TRA30JO,Transatlantic,JOO,Joint Operation,Partner Y,134620,137549,2026-08-09
2026-07,TRA31JO,Transatlantic,JOO,Joint Operation,Partner Y,163748,185127,2026-09-04
2026-07,TRA30SL,Transatlantic,COA,Slot Charter,Partner Z,65260,61090,2026-08-15
2026-07,TRA31SL,Transatlantic,COA,Slot Charter,Partner X,91582,93950,2026-08-22
2026-08,ASI40BU,Asia-Europe,COA,Bunker,Vendor B1,416663,471757,2026-09-16
2026-08,ASI41BU,Asia-Europe,COA,Bunker,Vendor B1,647350,683060,2026-09-29
2026-08,ASI40PO,Asia-Europe,PSO,Port Service,PortCo SG,53444,51294,2026-09-13
2026-08,ASI41PO,Asia-Europe,PSO,Port Service,PortCo RTM,102461,,
2026-08,ASI40TE,Asia-Europe,TES,Terminal,TermOp A,87431,89200,2026-09-24
2026-08,ASI41TE,Asia-Europe,TES,Terminal,TermOp A,82273,84514,2026-09-24
2026-08,ASI40TR,Asia-Europe,TRS,Transport,HaulCo,129672,128867,2026-10-04
2026-08,ASI41TR,Asia-Europe,TRS,Transport,HaulCo,95044,95180,2026-10-06
2026-08,ASI40CA,Asia-Europe,PSO,Canal,Panama Auth,117681,127990,2026-10-04
2026-08,ASI41CA,Asia-Europe,PSO,Canal,Suez Auth,236511,259049,2026-09-21
2026-08,ASI40JO,Asia-Europe,JOO,Joint Operation,Partner X,269346,300801,2026-10-03
2026-08,ASI41JO,Asia-Europe,JOO,Joint Operation,Partner Y,301035,349170,2026-09-17
2026-08,ASI40SL,Asia-Europe,COA,Slot Charter,Partner X,197578,196012,2026-10-10
2026-08,ASI41SL,Asia-Europe,COA,Slot Charter,Partner Z,203913,204089,2026-09-07
2026-08,TRA40BU,Transpacific,COA,Bunker,Vendor B1,702385,713554,2026-09-20
2026-08,TRA41BU,Transpacific,COA,Bunker,Vendor B2,643834,637173,2026-09-19
2026-08,TRA40PO,Transpacific,PSO,Port Service,PortCo SG,44323,39246,2026-10-09
2026-08,TRA41PO,Transpacific,PSO,Port Service,PortCo RTM,80650,73187,2026-10-10
2026-08,TRA40TE,Transpacific,TES,Terminal,TermOp A,119531,122640,2026-10-02
2026-08,TRA41TE,Transpacific,TES,Terminal,TermOp B,158977,157575,2026-09-10
2026-08,TRA40TR,Transpacific,TRS,Transport,RailCo,74692,74297,2026-10-03
2026-08,TRA41TR,Transpacific,TRS,Transport,RailCo,102216,,
2026-08,TRA40CA,Transpacific,PSO,Canal,Panama Auth,218873,,
2026-08,TRA41CA,Transpacific,PSO,Canal,Suez Auth,171732,,
2026-08,TRA40JO,Transpacific,JOO,Joint Operation,Partner Y,307154,344037,2026-09-16
2026-08,TRA41JO,Transpacific,JOO,Joint Operation,Partner X,274859,265613,2026-09-25
2026-08,TRA40SL,Transpacific,COA,Slot Charter,Partner Z,187791,174891,2026-10-01
2026-08,TRA41SL,Transpacific,COA,Slot Charter,Partner X,216344,219237,2026-10-07
2026-08,INT40BU,Intra-Asia,COA,Bunker,Vendor B2,440961,445985,2026-09-27
2026-08,INT41BU,Intra-Asia,COA,Bunker,Vendor B2,337114,325014,2026-09-12
2026-08,INT40PO,Intra-Asia,PSO,Port Service,PortCo LA,30599,,
2026-08,INT41PO,Intra-Asia,PSO,Port Service,PortCo LA,63131,61064,2026-09-15
2026-08,INT40TE,Intra-Asia,TES,Terminal,TermOp A,109841,,
2026-08,INT41TE,Intra-Asia,TES,Terminal,TermOp A,95952,95457,2026-09-13
2026-08,INT40TR,Intra-Asia,TRS,Transport,RailCo,81200,82601,2026-09-20
2026-08,INT41TR,Intra-Asia,TRS,Transport,HaulCo,77600,,
2026-08,INT40JO,Intra-Asia,JOO,Joint Operation,Partner X,176258,,
2026-08,INT41JO,Intra-Asia,JOO,Joint Operation,Partner X,156435,173085,2026-09-14
2026-08,INT40SL,Intra-Asia,COA,Slot Charter,Partner Z,73804,73965,2026-09-10
2026-08,INT41SL,Intra-Asia,COA,Slot Charter,Partner Z,92038,,
2026-08,ASI40BU,Asia-Med,COA,Bunker,Vendor B2,259888,267076,2026-09-17
2026-08,ASI41BU,Asia-Med,COA,Bunker,Vendor B2,331619,347045,2026-09-25
2026-08,ASI40PO,Asia-Med,PSO,Port Service,PortCo LA,40198,,
2026-08,ASI41PO,Asia-Med,PSO,Port Service,PortCo LA,39568,38764,2026-09-08
2026-08,ASI40TE,Asia-Med,TES,Terminal,TermOp B,47633,47035,2026-09-13
2026-08,ASI41TE,Asia-Med,TES,Terminal,TermOp A,82386,70193,2026-09-09
2026-08,ASI40TR,Asia-Med,TRS,Transport,RailCo,73367,71484,2026-09-30
2026-08,ASI41TR,Asia-Med,TRS,Transport,RailCo,59333,57804,2026-09-20
2026-08,ASI40CA,Asia-Med,PSO,Canal,Panama Auth,107000,102195,2026-09-25
2026-08,ASI41CA,Asia-Med,PSO,Canal,Panama Auth,149395,152954,2026-10-09
2026-08,ASI40JO,Asia-Med,JOO,Joint Operation,Partner X,205707,202592,2026-09-28
2026-08,ASI41JO,Asia-Med,JOO,Joint Operation,Partner X,125662,,
2026-08,ASI40SL,Asia-Med,COA,Slot Charter,Partner X,120579,128061,2026-10-11
2026-08,ASI41SL,Asia-Med,COA,Slot Charter,Partner X,85863,,
2026-08,TRA40BU,Transatlantic,COA,Bunker,Vendor B2,241541,253196,2026-10-09
2026-08,TRA41BU,Transatlantic,COA,Bunker,Vendor B1,379811,369949,2026-09-12
2026-08,TRA40PO,Transatlantic,PSO,Port Service,PortCo LA,25705,,
2026-08,TRA41PO,Transatlantic,PSO,Port Service,PortCo SG,31832,,
2026-08,TRA40TE,Transatlantic,TES,Terminal,TermOp B,116395,113901,2026-09-26
2026-08,TRA41TE,Transatlantic,TES,Terminal,TermOp A,112306,,
2026-08,TRA40TR,Transatlantic,TRS,Transport,RailCo,50344,47728,2026-09-10
2026-08,TRA41TR,Transatlantic,TRS,Transport,HaulCo,64688,,
2026-08,TRA40JO,Transatlantic,JOO,Joint Operation,Partner Y,191424,181035,2026-09-07
2026-08,TRA41JO,Transatlantic,JOO,Joint Operation,Partner Y,165516,195203,2026-10-07
2026-08,TRA40SL,Transatlantic,COA,Slot Charter,Partner Z,99392,103291,2026-09-07
2026-08,TRA41SL,Transatlantic,COA,Slot Charter,Partner X,50430,51566,2026-09-14
2026-09,ASI50BU,Asia-Europe,COA,Bunker,Vendor B1,391737,,
2026-09,ASI51BU,Asia-Europe,COA,Bunker,Vendor B2,509456,596695,2026-10-11
2026-09,ASI50PO,Asia-Europe,PSO,Port Service,PortCo RTM,89747,81861,2026-10-13
2026-09,ASI51PO,Asia-Europe,PSO,Port Service,PortCo LA,79932,68212,2026-11-06
2026-09,ASI50TE,Asia-Europe,TES,Terminal,TermOp A,184128,183644,2026-10-08
2026-09,ASI51TE,Asia-Europe,TES,Terminal,TermOp B,70573,77859,2026-10-13
2026-09,ASI50TR,Asia-Europe,TRS,Transport,HaulCo,77996,77753,2026-11-08
2026-09,ASI51TR,Asia-Europe,TRS,Transport,RailCo,78465,76590,2026-11-05
2026-09,ASI50CA,Asia-Europe,PSO,Canal,Suez Auth,207973,,
2026-09,ASI51CA,Asia-Europe,PSO,Canal,Panama Auth,200013,,
2026-09,ASI50JO,Asia-Europe,JOO,Joint Operation,Partner Y,300071,,
2026-09,ASI51JO,Asia-Europe,JOO,Joint Operation,Partner X,138644,160733,2026-10-29
2026-09,ASI50SL,Asia-Europe,COA,Slot Charter,Partner X,195025,,
2026-09,ASI51SL,Asia-Europe,COA,Slot Charter,Partner Z,131095,128421,2026-10-22
2026-09,TRA50BU,Transpacific,COA,Bunker,Vendor B1,424675,,
2026-09,TRA51BU,Transpacific,COA,Bunker,Vendor B1,427314,,
2026-09,TRA50PO,Transpacific,PSO,Port Service,PortCo RTM,55985,54478,2026-11-08
2026-09,TRA51PO,Transpacific,PSO,Port Service,PortCo RTM,73583,,
2026-09,TRA50TE,Transpacific,TES,Terminal,TermOp B,167427,170845,2026-10-22
2026-09,TRA51TE,Transpacific,TES,Terminal,TermOp A,143854,152976,2026-11-06
2026-09,TRA50TR,Transpacific,TRS,Transport,HaulCo,133340,,
2026-09,TRA51TR,Transpacific,TRS,Transport,HaulCo,98254,,
2026-09,TRA50CA,Transpacific,PSO,Canal,Panama Auth,133046,123090,2026-11-10
2026-09,TRA51CA,Transpacific,PSO,Canal,Suez Auth,174174,167052,2026-10-20
2026-09,TRA50JO,Transpacific,JOO,Joint Operation,Partner Y,168271,172683,2026-10-30
2026-09,TRA51JO,Transpacific,JOO,Joint Operation,Partner Y,300419,,
2026-09,TRA50SL,Transpacific,COA,Slot Charter,Partner Z,130724,136540,2026-10-17
2026-09,TRA51SL,Transpacific,COA,Slot Charter,Partner X,162108,,
2026-09,INT50BU,Intra-Asia,COA,Bunker,Vendor B2,210483,215272,2026-10-21
2026-09,INT51BU,Intra-Asia,COA,Bunker,Vendor B1,479860,,
2026-09,INT50PO,Intra-Asia,PSO,Port Service,PortCo SG,64889,60866,2026-10-24
2026-09,INT51PO,Intra-Asia,PSO,Port Service,PortCo SG,38638,33093,2026-11-01
2026-09,INT50TE,Intra-Asia,TES,Terminal,TermOp A,46180,47912,2026-11-08
2026-09,INT51TE,Intra-Asia,TES,Terminal,TermOp A,112347,113284,2026-10-15
2026-09,INT50TR,Intra-Asia,TRS,Transport,RailCo,46814,44352,2026-11-09
2026-09,INT51TR,Intra-Asia,TRS,Transport,HaulCo,42522,41563,2026-10-31
2026-09,INT50JO,Intra-Asia,JOO,Joint Operation,Partner X,222807,223249,2026-10-11
2026-09,INT51JO,Intra-Asia,JOO,Joint Operation,Partner Y,200559,,
2026-09,INT50SL,Intra-Asia,COA,Slot Charter,Partner Z,55019,57285,2026-10-27
2026-09,INT51SL,Intra-Asia,COA,Slot Charter,Partner Z,118211,,
2026-09,ASI50BU,Asia-Med,COA,Bunker,Vendor B2,300427,,
2026-09,ASI51BU,Asia-Med,COA,Bunker,Vendor B1,257260,,
2026-09,ASI50PO,Asia-Med,PSO,Port Service,PortCo SG,44213,,
2026-09,ASI51PO,Asia-Med,PSO,Port Service,PortCo LA,27360,24422,2026-10-31
2026-09,ASI50TE,Asia-Med,TES,Terminal,TermOp A,55069,54128,2026-10-09
2026-09,ASI51TE,Asia-Med,TES,Terminal,TermOp A,79825,,
2026-09,ASI50TR,Asia-Med,TRS,Transport,HaulCo,59506,,
2026-09,ASI51TR,Asia-Med,TRS,Transport,HaulCo,42382,,
2026-09,ASI50CA,Asia-Med,PSO,Canal,Suez Auth,107409,,
2026-09,ASI51CA,Asia-Med,PSO,Canal,Suez Auth,89280,92279,2026-10-29
2026-09,ASI50JO,Asia-Med,JOO,Joint Operation,Partner X,117537,,
2026-09,ASI51JO,Asia-Med,JOO,Joint Operation,Partner Y,170864,201274,2026-11-12
2026-09,ASI50SL,Asia-Med,COA,Slot Charter,Partner Z,125175,131325,2026-11-04
2026-09,ASI51SL,Asia-Med,COA,Slot Charter,Partner Z,139828,146213,2026-10-14
2026-09,TRA50BU,Transatlantic,COA,Bunker,Vendor B1,273775,276770,2026-10-26
2026-09,TRA51BU,Transatlantic,COA,Bunker,Vendor B2,497077,,
2026-09,TRA50PO,Transatlantic,PSO,Port Service,PortCo SG,46066,39794,2026-10-26
2026-09,TRA51PO,Transatlantic,PSO,Port Service,PortCo RTM,39556,,
2026-09,TRA50TE,Transatlantic,TES,Terminal,TermOp A,61287,,
2026-09,TRA51TE,Transatlantic,TES,Terminal,TermOp A,100360,,
2026-09,TRA50TR,Transatlantic,TRS,Transport,HaulCo,79749,83717,2026-10-19
2026-09,TRA51TR,Transatlantic,TRS,Transport,RailCo,39894,38237,2026-10-20
2026-09,TRA50JO,Transatlantic,JOO,Joint Operation,Partner Y,109130,115625,2026-10-11
2026-09,TRA51JO,Transatlantic,JOO,Joint Operation,Partner X,128272,150856,2026-11-08
2026-09,TRA50SL,Transatlantic,COA,Slot Charter,Partner X,51390,53367,2026-10-25
2026-09,TRA51SL,Transatlantic,COA,Slot Charter,Partner X,66745,65120,2026-10-31
